Workbook

Sheet Form Responses 2
A1: Timestamp | B1: Borrower Name | C1: Entry No. | D1: ISBN
A2: 45803.953 | B2: Lokesh | C2: 24A1EENB0062 | D2: 9780141184944
A3: 46072.691 | B3: Luv | C3: 24A1EENB0062 | D3: 9780141184944

Sheet active
A1: =IFERROR(__xludf.DUMMYFUNCTION("QUERY('Form Responses 2'!A:Z, ""SELECT A, B, C, D WHERE A IS NOT NULL"", 1)"),"Timestamp") -> Timestamp | B1: =IFERROR(__xludf.DUMMYFUNCTION("""COMPUTED_VALUE"""),"Borrower Name ") -> Borrower Name | C1: =IFERROR(__xludf.DUMMYFUNCTION("""COMPUTED_VALUE"""),"Entry No.") -> Entry No. | D1: =IFERROR(__xludf.DUMMYFUNCTION("""COMPUTED_VALUE"""),"ISBN") -> ISBN | E1: Book Title | F1: Status | G1: Issued Date | H1: Due Date | I1: Returned Date | J1: Overdue
A2: =IFERROR(__xludf.DUMMYFUNCTION("""COMPUTED_VALUE"""),45803.95333731482) -> 45803.953 | B2: =IFERROR(__xludf.DUMMYFUNCTION("""COMPUTED_VALUE"""),"Lokesh ") -> Lokesh | C2: =IFERROR(__xludf.DUMMYFUNCTION("""COMPUTED_VALUE"""),"24A1EENB0062 ") -> 24A1EENB0062 | D2: =IFERROR(__xludf.DUMMYFUNCTION("""COMPUTED_VALUE"""),9.780141184944E12) -> 9780141184944 | E2: =VLOOKUP(D2, BookDatabase!$A$2:$B$1000, 2, FALSE) -> Silent Spring (Penguin Modern Classics) -- Paperback / softback | F2: Returned On Time | G2: 45803 | H2: =IF(G2<>"", G2 + 7, "") -> 45810 | I2: 45803 | J2: =IF(AND(ISNUMBER(H2), TODAY()>H2), "Overdue", "") -> Overdue
A3: =IFERROR(__xludf.DUMMYFUNCTION("""COMPUTED_VALUE"""),46072.69053212963) -> 46072.691 | B3: =IFERROR(__xludf.DUMMYFUNCTION("""COMPUTED_VALUE"""),"Luv") -> Luv | C3: =IFERROR(__xludf.DUMMYFUNCTION("""COMPUTED_VALUE"""),"24A1EENB0062 ") -> 24A1EENB0062 | D3: =IFERROR(__xludf.DUMMYFUNCTION("""COMPUTED_VALUE"""),9.780141184944E12) -> 9780141184944 | E3: =VLOOKUP(D3, BookDatabase!$A$2:$B$1000, 2, FALSE) -> Silent Spring (Penguin Modern Classics) -- Paperback / softback | F3: Processed and Borrowed | H3: =IF(G3<>"", G3 + 7, "") | J3: =IF(AND(ISNUMBER(H3), TODAY()>H3), "Overdue", "")
E4: =VLOOKUP(D4, BookDatabase!$A$2:$B$1000, 2, FALSE) -> #N/A | F4: =IF(A4<>"","In Processing","") | H4: =IF(G4<>"", G4 + 7, "") | J4: =IF(AND(ISNUMBER(H4), TODAY()>H4), "Overdue", "")
E5: =VLOOKUP(D5, BookDatabase!$A$2:$B$1000, 2, FALSE) -> #N/A | F5: =IF(A5<>"","In Processing","") | H5: =IF(G5<>"", G5 + 7, "") | J5: =IF(AND(ISNUMBER(H5), TODAY()>H5), "Overdue", "")
E6: =VLOOKUP(D6, BookDatabase!$A$2:$B$1000, 2, FALSE) -> #N/A | F6: =IF(A6<>"","In Processing","") | H6: =IF(G6<>"", G6 + 7, "") | J6: =IF(AND(ISNUMBER(H6), TODAY()>H6), "Overdue", "")
E7: =VLOOKUP(D7, BookDatabase!$A$2:$B$1000, 2, FALSE) -> #N/A | F7: =IF(A7<>"","In Processing","") | H7: =IF(G7<>"", G7 + 7, "") | J7: =IF(AND(ISNUMBER(H7), TODAY()>H7), "Overdue", "")
E8: =VLOOKUP(D8, BookDatabase!$A$2:$B$1000, 2, FALSE) -> #N/A | F8: =IF(A8<>"","In Processing","") | H8: =IF(G8<>"", G8 + 7, "") | J8: =IF(AND(ISNUMBER(H8), TODAY()>H8), "Overdue", "")
E9: =VLOOKUP(D9, BookDatabase!$A$2:$B$1000, 2, FALSE) -> #N/A | F9: =IF(A9<>"","In Processing","") | H9: =IF(G9<>"", G9 + 7, "") | J9: =IF(AND(ISNUMBER(H9), TODAY()>H9), "Overdue", "")
E10: =VLOOKUP(D10, BookDatabase!$A$2:$B$1000, 2, FALSE) -> #N/A | F10: =IF(A10<>"","In Processing","") | H10: =IF(G10<>"", G10 + 7, "") | J10: =IF(AND(ISNUMBER(H10), TODAY()>H10), "Overdue", "")
E11: =VLOOKUP(D11, BookDatabase!$A$2:$B$1000, 2, FALSE) -> #N/A | F11: =IF(A11<>"","In Processing","") | H11: =IF(G11<>"", G11 + 7, "") | J11: =IF(AND(ISNUMBER(H11), TODAY()>H11), "Overdue", "")
E12: =VLOOKUP(D12, BookDatabase!$A$2:$B$1000, 2, FALSE) -> #N/A | F12: =IF(A12<>"","In Processing","") | H12: =IF(G12<>"", G12 + 7, "") | J12: =IF(AND(ISNUMBER(H12), TODAY()>H12), "Overdue", "")
E13: =VLOOKUP(D13, BookDatabase!$A$2:$B$1000, 2, FALSE) -> #N/A | F13: =IF(A13<>"","In Processing","") | H13: =IF(G13<>"", G13 + 7, "") | J13: =IF(AND(ISNUMBER(H13), TODAY()>H13), "Overdue", "")
E14: =VLOOKUP(D14, BookDatabase!$A$2:$B$1000, 2, FALSE) -> #N/A | F14: =IF(A14<>"","In Processing","") | H14: =IF(G14<>"", G14 + 7, "") | J14: =IF(AND(ISNUMBER(H14), TODAY()>H14), "Overdue", "")
E15: =VLOOKUP(D15, BookDatabase!$A$2:$B$1000, 2, FALSE) -> #N/A | F15: =IF(A15<>"","In Processing","") | H15: =IF(G15<>"", G15 + 7, "") | J15: =IF(AND(ISNUMBER(H15), TODAY()>H15), "Overdue", "")
... E235: =VLOOKUP(D235, BookDatabase!$A$2:$B$1000, 2, FALSE) -> #N/A | F235: =IF(A235<>"","In Processing","") | H235: =IF(G235<>"", G235 + 7, "") | J235: =IF(AND(ISNUMBER(H235), TODAY()>H235), "Overdue", "")

Sheet BookTracker
A1: ISBN | B1: Book Title | C1: Author | D1: Quantity | E1: Borrowed | F1: Status | G1: Expected Availability
A2: 9780141184944 | B2: Silent Spring (Penguin Modern Classics) -- Paperback / softback | C2: Rachel Carson | D2: 4 | E2: =IF( COUNTIFS(active!D:D, A2, active!F:F, "Processed and Borrowed") > D2, "Error", COUNTIFS(active!D:D, A2, active!F:F, "Processed and Borrowed") ) -> 1 | F2: =IF(E2 < D2, "Available", "Not Available") -> Available | G2: =IFERROR(__xludf.DUMMYFUNCTION("IF(E2>0, MIN(FILTER(active!H:H, (active!D:D = A2) * (active!F:F = ""Processed and Borrowed""))), """")"),0.0) -> 0
A3: 9780393609394 | B3: Astrophysics for People in a Hurry | C3: Neil deGrasse Tyson | D3: 3 | E3: =IF( COUNTIFS(active!D:D, A3, active!F:F, "Processed and Borrowed") > D3, "Error", COUNTIFS(active!D:D, A3, active!F:F, "Processed and Borrowed") ) -> 0 | F3: =IF(E3 < D3, "Available", "Not Available") -> Available | G3: =IFERROR(__xludf.DUMMYFUNCTION("IF(E3>0, MIN(FILTER(active!H:H, (active!D:D = A3) * (active!F:F = ""Processed and Borrowed""))), """")"),"")
A4: 9780099590088 | B4: Sapiens : The Multi-million Copy Bestseller -- Paperback / softback | C4: Yuval Noah Harari | D4: 3 | E4: =IF( COUNTIFS(active!D:D, A4, active!F:F, "Processed and Borrowed") > D4, "Error", COUNTIFS(active!D:D, A4, active!F:F, "Processed and Borrowed") ) -> 0 | F4: =IF(E4 < D4, "Available", "Not Available") -> Available | G4: =IFERROR(__xludf.DUMMYFUNCTION("IF(E4>0, MIN(FILTER(active!H:H, (active!D:D = A4) * (active!F:F = ""Processed and Borrowed""))), """")"),"")
A5: 9780241958223 | B5: Start with Why : How Great Leaders Inspire Everyone to Take Action -- Paperback / softback | C5: Simon Sinek | D5: 3 | E5: =IF( COUNTIFS(active!D:D, A5, active!F:F, "Processed and Borrowed") > D5, "Error", COUNTIFS(active!D:D, A5, active!F:F, "Processed and Borrowed") ) -> 0 | F5: =IF(E5 < D5, "Available", "Not Available") -> Available | G5: =IFERROR(__xludf.DUMMYFUNCTION("IF(E5>0, MIN(FILTER(active!H:H, (active!D:D = A5) * (active!F:F = ""Processed and Borrowed""))), """")"),"")
A6: 9781509877027 | B6: Immortal Life of Henrietta Lacks (Picador Classic) -- Paperback / softback | C6: Rebecca Skloot | D6: 3 | E6: =IF( COUNTIFS(active!D:D, A6, active!F:F, "Processed and Borrowed") > D6, "Error", COUNTIFS(active!D:D, A6, active!F:F, "Processed and Borrowed") ) -> 0 | F6: =IF(E6 < D6, "Available", "Not Available") -> Available | G6: =IFERROR(__xludf.DUMMYFUNCTION("IF(E6>0, MIN(FILTER(active!H:H, (active!D:D = A6) * (active!F:F = ""Processed and Borrowed""))), """")"),"")
A7: 9780340733509 | B7: Power of Now : (20th Anniversary Edition) (The Power of Now) -- Paperback / softback | C7: Eckhart Tolle | D7: 3 | E7: =IF( COUNTIFS(active!D:D, A7, active!F:F, "Processed and Borrowed") > D7, "Error", COUNTIFS(active!D:D, A7, active!F:F, "Processed and Borrowed") ) -> 0 | F7: =IF(E7 < D7, "Available", "Not Available") -> Available | G7: =IFERROR(__xludf.DUMMYFUNCTION("IF(E7>0, MIN(FILTER(active!H:H, (active!D:D = A7) * (active!F:F = ""Processed and Borrowed""))), """")"),"")
A8: 9780141983769 | B8: Why We Sleep : The New Science of Sleep and Dreams -- Paperback / softback | C8: Matthew Walker | D8: 3 | E8: =IF( COUNTIFS(active!D:D, A8, active!F:F, "Processed and Borrowed") > D8, "Error", COUNTIFS(active!D:D, A8, active!F:F, "Processed and Borrowed") ) -> 0 | F8: =IF(E8 < D8, "Available", "Not Available") -> Available | G8: =IFERROR(__xludf.DUMMYFUNCTION("IF(E8>0, MIN(FILTER(active!H:H, (active!D:D = A8) * (active!F:F = ""Processed and Borrowed""))), """")"),"")
A9: 9780349107035 | B9: Cosmos | C9: Carl Sagan | D9: 3 | E9: =IF( COUNTIFS(active!D:D, A9, active!F:F, "Processed and Borrowed") > D9, "Error", COUNTIFS(active!D:D, A9, active!F:F, "Processed and Borrowed") ) -> 0 | F9: =IF(E9 < D9, "Available", "Not Available") -> Available | G9: =IFERROR(__xludf.DUMMYFUNCTION("IF(E9>0, MIN(FILTER(active!H:H, (active!D:D = A9) * (active!F:F = ""Processed and Borrowed""))), """")"),"")
A10: 9780340960196 | B10: Dune -- Paperback | C10: Frank Herbert | D10: 3 | E10: =IF( COUNTIFS(active!D:D, A10, active!F:F, "Processed and Borrowed") > D10, "Error", COUNTIFS(active!D:D, A10, active!F:F, "Processed and Borrowed") ) -> 0 | F10: =IF(E10 < D10, "Available", "Not Available") -> Available | G10: =IFERROR(__xludf.DUMMYFUNCTION("IF(E10>0, MIN(FILTER(active!H:H, (active!D:D = A10) * (active!F:F = ""Processed and Borrowed""))), """")"),"")
A11: 9780753828434 | B11: Double Helix -- Paperback / softback | C11: James D. Watson | D11: 3 | E11: =IF( COUNTIFS(active!D:D, A11, active!F:F, "Processed and Borrowed") > D11, "Error", COUNTIFS(active!D:D, A11, active!F:F, "Processed and Borrowed") ) -> 0 | F11: =IF(E11 < D11, "Available", "Not Available") -> Available | G11: =IFERROR(__xludf.DUMMYFUNCTION("IF(E11>0, MIN(FILTER(active!H:H, (active!D:D = A11) * (active!F:F = ""Processed and Borrowed""))), """")"),"")
A12: 9780857501004 | B12: A Brief History Of Time : From Big Bang To Black Holes | C12: Stephen Hawking | D12: 3 | E12: =IF( COUNTIFS(active!D:D, A12, active!F:F, "Processed and Borrowed") > D12, "Error", COUNTIFS(active!D:D, A12, active!F:F, "Processed and Borrowed") ) -> 0 | F12: =IF(E12 < D12, "Available", "Not Available") -> Available | G12: =IFERROR(__xludf.DUMMYFUNCTION("IF(E12>0, MIN(FILTER(active!H:H, (active!D:D = A12) * (active!F:F = ""Processed and Borrowed""))), """")"),"")
A13: 9781847941831 | B13: Atomic Habits | C13: James Clear | D13: 3 | E13: =IF( COUNTIFS(active!D:D, A13, active!F:F, "Processed and Borrowed") > D13, "Error", COUNTIFS(active!D:D, A13, active!F:F, "Processed and Borrowed") ) -> 0 | F13: =IF(E13 < D13, "Available", "Not Available") -> Available | G13: =IFERROR(__xludf.DUMMYFUNCTION("IF(E13>0, MIN(FILTER(active!H:H, (active!D:D = A13) * (active!F:F = ""Processed and Borrowed""))), """")"),"")
A14: 9780099477464 | B14: Brave New World | C14: Aldous Huxley | D14: 3 | E14: =IF( COUNTIFS(active!D:D, A14, active!F:F, "Processed and Borrowed") > D14, "Error", COUNTIFS(active!D:D, A14, active!F:F, "Processed and Borrowed") ) -> 0 | F14: =IF(E14 < D14, "Available", "Not Available") -> Available | G14: =IFERROR(__xludf.DUMMYFUNCTION("IF(E14>0, MIN(FILTER(active!H:H, (active!D:D = A14) * (active!F:F = ""Processed and Borrowed""))), """")"),"")
A15: 9781844132393 | B15: Man's Search for Meaning : The classic tribute to hope from the Holocaust -- Paperback / softback | C15: Viktor E. Frankl | D15: 3 | E15: =IF( COUNTIFS(active!D:D, A15, active!F:F, "Processed and Borrowed") > D15, "Error", COUNTIFS(active!D:D, A15, active!F:F, "Processed and Borrowed") ) -> 0 | F15: =IF(E15 < D15, "Available", "Not Available") -> Available | G15: =IFERROR(__xludf.DUMMYFUNCTION("IF(E15>0, MIN(FILTER(active!H:H, (active!D:D = A15) * (active!F:F = ""Processed and Borrowed""))), """")"),"")
A16: 9780099289920 | B16: Elegant Universe -- Paperback / softback | C16: Brian Greene | D16: 3 | E16: =IF( COUNTIFS(active!D:D, A16, active!F:F, "Processed and Borrowed") > D16, "Error", COUNTIFS(active!D:D, A16, active!F:F, "Processed and Borrowed") ) -> 0 | F16: =IF(E16 < D16, "Available", "Not Available") -> Available | G16: =IFERROR(__xludf.DUMMYFUNCTION("IF(E16>0, MIN(FILTER(active!H:H, (active!D:D = A16) * (active!F:F = ""Processed and Borrowed""))), """")"),"")
A17: 9780007250929 | B17: Emperor of All Maladies -- Paperback / softback | C17: Siddhartha Mukherjee | D17: 3 | E17: =IF( COUNTIFS(active!D:D, A17, active!F:F, "Processed and Borrowed") > D17, "Error", COUNTIFS(active!D:D, A17, active!F:F, "Processed and Borrowed") ) -> 0 | F17: =IF(E17 < D17, "Available", "Not Available") -> Available | G17: =IFERROR(__xludf.DUMMYFUNCTION("IF(E17>0, MIN(FILTER(active!H:H, (active!D:D = A17) * (active!F:F = ""Processed and Borrowed""))), """")"),"")
A18: 9780099584575 | B18: Gene : An Intimate History -- Paperback / softback | C18: Siddhartha Mukherjee | D18: 3 | E18: =IF( COUNTIFS(active!D:D, A18, active!F:F, "Processed and Borrowed") > D18, "Error", COUNTIFS(active!D:D, A18, active!F:F, "Processed and Borrowed") ) -> 0 | F18: =IF(E18 < D18, "Available", "Not Available") -> Available | G18: =IFERROR(__xludf.DUMMYFUNCTION("IF(E18>0, MIN(FILTER(active!H:H, (active!D:D = A18) * (active!F:F = ""Processed and Borrowed""))), """")"),"")
A19: 9781405931564 | B19: Big Little Lies | C19: Liane Moriarty | D19: 2 | E19: =IF( COUNTIFS(active!D:D, A19, active!F:F, "Processed and Borrowed") > D19, "Error", COUNTIFS(active!D:D, A19, active!F:F, "Processed and Borrowed") ) -> 0 | F19: =IF(E19 < D19, "Available", "Not Available") -> Available | G19: =IFERROR(__xludf.DUMMYFUNCTION("IF(E19>0, MIN(FILTER(active!H:H, (active!D:D = A19) * (active!F:F = ""Processed and Borrowed""))), """")"),"")
A20: 9781857028355 | B20: Genome : The Autobiography of a Species in 23 Chapters -- Paperback / softback | C20: Matt Ridley | D20: 2 | E20: =IF( COUNTIFS(active!D:D, A20, active!F:F, "Processed and Borrowed") > D20, "Error", COUNTIFS(active!D:D, A20, active!F:F, "Processed and Borrowed") ) -> 0 | F20: =IF(E20 < D20, "Available", "Not Available") -> Available | G20: =IFERROR(__xludf.DUMMYFUNCTION("IF(E20>0, MIN(FILTER(active!H:H, (active!D:D = A20) * (active!F:F = ""Processed and Borrowed""))), """")"),"")
A21: 9780345409461 | B21: The Demon-Haunted World | C21: Carl Sagan | D21: 2 | E21: =IF( COUNTIFS(active!D:D, A21, active!F:F, "Processed and Borrowed") > D21, "Error", COUNTIFS(active!D:D, A21, active!F:F, "Processed and Borrowed") ) -> 0 | F21: =IF(E21 < D21, "Available", "Not Available") -> Available | G21: =IFERROR(__xludf.DUMMYFUNCTION("IF(E21>0, MIN(FILTER(active!H:H, (active!D:D = A21) * (active!F:F = ""Processed and Borrowed""))), """")"),"")
A22: 9780876120798 | B22: Autobiography of a Yogi | C22: Paramahansa Yogananda | D22: 2 | E22: =IF( COUNTIFS(active!D:D, A22, active!F:F, "Processed and Borrowed") > D22, "Error", COUNTIFS(active!D:D, A22, active!F:F, "Processed and Borrowed") ) -> 0 | F22: =IF(E22 < D22, "Available", "Not Available") -> Available | G22: =IFERROR(__xludf.DUMMYFUNCTION("IF(E22>0, MIN(FILTER(active!H:H, (active!D:D = A22) * (active!F:F = ""Processed and Borrowed""))), """")"),"")
A23: 9781526604750 | B23: A Thousand Splendid Suns | C23: Khaled Hosseini | D23: 2 | E23: =IF( COUNTIFS(active!D:D, A23, active!F:F, "Processed and Borrowed") > D23, "Error", COUNTIFS(active!D:D, A23, active!F:F, "Processed and Borrowed") ) -> 0 | F23: =IF(E23 < D23, "Available", "Not Available") -> Available | G23: =IFERROR(__xludf.DUMMYFUNCTION("IF(E23>0, MIN(FILTER(active!H:H, (active!D:D = A23) * (active!F:F = ""Processed and Borrowed""))), """")"),"")
A24: 9781800244399 | B24: Alexander Hamilton -- Paperback / softback | C24: Ron Chernow | D24: 2 | E24: =IF( COUNTIFS(active!D:D, A24, active!F:F, "Processed and Borrowed") > D24, "Error", COUNTIFS(active!D:D, A24, active!F:F, "Processed and Borrowed") ) -> 0 | F24: =IF(E24 < D24, "Available", "Not Available") -> Available | G24: =IFERROR(__xludf.DUMMYFUNCTION("IF(E24>0, MIN(FILTER(active!H:H, (active!D:D = A24) * (active!F:F = ""Processed and Borrowed""))), """")"),"")
A25: 9781786891686 | B25: Life Of Pi | C25: Yann Martel | D25: 2 | E25: =IF( COUNTIFS(active!D:D, A25, active!F:F, "Processed and Borrowed") > D25, "Error", COUNTIFS(active!D:D, A25, active!F:F, "Processed and Borrowed") ) -> 0 | F25: =IF(E25 < D25, "Available", "Not Available") -> Available | G25: =IFERROR(__xludf.DUMMYFUNCTION("IF(E25>0, MIN(FILTER(active!H:H, (active!D:D = A25) * (active!F:F = ""Processed and Borrowed""))), """")"),"")
A26: 9781408851241 | B26: Sixth Extinction : An Unnatural History -- Paperback | C26: Elizabeth Kolbert | D26: 2 | E26: =IF( COUNTIFS(active!D:D, A26, active!F:F, "Processed and Borrowed") > D26, "Error", COUNTIFS(active!D:D, A26, active!F:F, "Processed and Borrowed") ) -> 0 | F26: =IF(E26 < D26, "Available", "Not Available") -> Available | G26: =IFERROR(__xludf.DUMMYFUNCTION("IF(E26>0, MIN(FILTER(active!H:H, (active!D:D = A26) * (active!F:F = ""Processed and Borrowed""))), """")"),"")
A27: 9780141199702 | B27: A Tale of Two Cities | C27: Charles Dickens | D27: 2 | E27: =IF( COUNTIFS(active!D:D, A27, active!F:F, "Processed and Borrowed") > D27, "Error", COUNTIFS(active!D:D, A27, active!F:F, "Processed and Borrowed") ) -> 0 | F27: =IF(E27 < D27, "Available", "Not Available") -> Available | G27: =IFERROR(__xludf.DUMMYFUNCTION("IF(E27>0, MIN(FILTER(active!H:H, (active!D:D = A27) * (active!F:F = ""Processed and Borrowed""))), """")"),"")
A28: 9780241982976 | B28: Becoming : The No. 1 International Bestseller -- Paperback / softback | C28: Michelle Obama | D28: 2 | E28: =IF( COUNTIFS(active!D:D, A28, active!F:F, "Processed and Borrowed") > D28, "Error", COUNTIFS(active!D:D, A28, active!F:F, "Processed and Borrowed") ) -> 0 | F28: =IF(E28 < D28, "Available", "Not Available") -> Available | G28: =IFERROR(__xludf.DUMMYFUNCTION("IF(E28>0, MIN(FILTER(active!H:H, (active!D:D = A28) * (active!F:F = ""Processed and Borrowed""))), """")"),"")
A29: 9780140449136 | B29: Crime and Punishment | C29: Fyodor Dostoevsky | D29: 2 | E29: =IF( COUNTIFS(active!D:D, A29, active!F:F, "Processed and Borrowed") > D29, "Error", COUNTIFS(active!D:D, A29, active!F:F, "Processed and Borrowed") ) -> 0 | F29: =IF(E29 < D29, "Available", "Not Available") -> Available | G29: =IFERROR(__xludf.DUMMYFUNCTION("IF(E29>0, MIN(FILTER(active!H:H, (active!D:D = A29) * (active!F:F = ""Processed and Borrowed""))), """")"),"")
A30: 9780670923175 | B30: Leaders Eat Last | C30: Simon Sinek | D30: 2 | E30: =IF( COUNTIFS(active!D:D, A30, active!F:F, "Processed and Borrowed") > D30, "Error", COUNTIFS(active!D:D, A30, active!F:F, "Processed and Borrowed") ) -> 0 | F30: =IF(E30 < D30, "Available", "Not Available") -> Available | G30: =IFERROR(__xludf.DUMMYFUNCTION("IF(E30>0, MIN(FILTER(active!H:H, (active!D:D = A30) * (active!F:F = ""Processed and Borrowed""))), """")"),"")
A31: 9780140449334 | B31: Meditations | C31: Marcus Aurelius | D31: 2 | E31: =IF( COUNTIFS(active!D:D, A31, active!F:F, "Processed and Borrowed") > D31, "Error", COUNTIFS(active!D:D, A31, active!F:F, "Processed and Borrowed") ) -> 0 | F31: =IF(E31 < D31, "Available", "Not Available") -> Available | G31: =IFERROR(__xludf.DUMMYFUNCTION("IF(E31>0, MIN(FILTER(active!H:H, (active!D:D = A31) * (active!F:F = ""Processed and Borrowed""))), """")"),"")
A32: 9781529038347 | B32: Radical Candor : Fully Revised and Updated Edition: How to Get What You Want by Saying What You M -- Paperback / softback | C32: Kim Scott | D32: 2 | E32: =IF( COUNTIFS(active!D:D, A32, active!F:F, "Processed and Borrowed") > D32, "Error", COUNTIFS(active!D:D, A32, active!F:F, "Processed and Borrowed") ) -> 0 | F32: =IF(E32 < D32, "Available", "Not Available") -> Available | G32: =IFERROR(__xludf.DUMMYFUNCTION("IF(E32>0, MIN(FILTER(active!H:H, (active!D:D = A32) * (active!F:F = ""Processed and Borrowed""))), """")"),"")
A33: 9780141981727 | B33: Seven Brief Lessons on Physics -- Paperback / softback (English Language Edition) | C33: Carlo Rovelli | D33: 2 | E33: =IF( COUNTIFS(active!D:D, A33, active!F:F, "Processed and Borrowed") > D33, "Error", COUNTIFS(active!D:D, A33, active!F:F, "Processed and Borrowed") ) -> 0 | F33: =IF(E33 < D33, "Available", "Not Available") -> Available | G33: =IFERROR(__xludf.DUMMYFUNCTION("IF(E33>0, MIN(FILTER(active!H:H, (active!D:D = A33) * (active!F:F = ""Processed and Borrowed""))), """")"),"")
A34: 9781471146725 | B34: Shoe Dog : A Memoir by the Creator of Nike -- Paperback / softback | C34: Phil Knight | D34: 2 | E34: =IF( COUNTIFS(active!D:D, A34, active!F:F, "Processed and Borrowed") > D34, "Error", COUNTIFS(active!D:D, A34, active!F:F, "Processed and Borrowed") ) -> 0 | F34: =IF(E34 < D34, "Available", "Not Available") -> Available | G34: =IFERROR(__xludf.DUMMYFUNCTION("IF(E34>0, MIN(FILTER(active!H:H, (active!D:D = A34) * (active!F:F = ""Processed and Borrowed""))), """")"),"")
A35: 9780241953181 | B35: Snow Crash -- Paperback / softback | C35: Neal Stephenson | D35: 2 | E35: =IF( COUNTIFS(active!D:D, A35, active!F:F, "Processed and Borrowed") > D35, "Error", COUNTIFS(active!D:D, A35, active!F:F, "Processed and Borrowed") ) -> 0 | F35: =IF(E35 < D35, "Available", "Not Available") -> Available | G35: =IFERROR(__xludf.DUMMYFUNCTION("IF(E35>0, MIN(FILTER(active!H:H, (active!D:D = A35) * (active!F:F = ""Processed and Borrowed""))), """")"),"")
A36: 9781471195204 | B36: 7 Habits of Highly Effective People: Revised and Updated : 30th Anniversary Edition -- Paperback / softback | C36: Stephen R. Covey | D36: 2 | E36: =IF( COUNTIFS(active!D:D, A36, active!F:F, "Processed and Borrowed") > D36, "Error", COUNTIFS(active!D:D, A36, active!F:F, "Processed and Borrowed") ) -> 0 | F36: =IF(E36 < D36, "Available", "Not Available") -> Available | G36: =IFERROR(__xludf.DUMMYFUNCTION("IF(E36>0, MIN(FILTER(active!H:H, (active!D:D = A36) * (active!F:F = ""Processed and Borrowed""))), """")"),"")
A37: 9780722532935 | B37: Alchemist -- Paperback / softback (English Language Edition) | C37: Paulo Coelho | D37: 2 | E37: =IF( COUNTIFS(active!D:D, A37, active!F:F, "Processed and Borrowed") > D37, "Error", COUNTIFS(active!D:D, A37, active!F:F, "Processed and Borrowed") ) -> 0 | F37: =IF(E37 < D37, "Available", "Not Available") -> Available | G37: =IFERROR(__xludf.DUMMYFUNCTION("IF(E37>0, MIN(FILTER(active!H:H, (active!D:D = A37) * (active!F:F = ""Processed and Borrowed""))), """")"),"")
A38: 9780143105756 | B38: The Art of War | C38: Sun Tzu | D38: 2 | E38: =IF( COUNTIFS(active!D:D, A38, active!F:F, "Processed and Borrowed") > D38, "Error", COUNTIFS(active!D:D, A38, active!F:F, "Processed and Borrowed") ) -> 0 | F38: =IF(E38 < D38, "Available", "Not Available") -> Available | G38: =IFERROR(__xludf.DUMMYFUNCTION("IF(E38>0, MIN(FILTER(active!H:H, (active!D:D = A38) * (active!F:F = ""Processed and Borrowed""))), """")"),"")
A39: 9781784162122 | B39: The Book Thief | C39: Markus Zusak | D39: 2 | E39: =IF( COUNTIFS(active!D:D, A39, active!F:F, "Processed and Borrowed") > D39, "Error", COUNTIFS(active!D:D, A39, active!F:F, "Processed and Borrowed") ) -> 0 | F39: =IF(E39 < D39, "Available", "Not Available") -> Available | G39: =IFERROR(__xludf.DUMMYFUNCTION("IF(E39>0, MIN(FILTER(active!H:H, (active!D:D = A39) * (active!F:F = ""Processed and Borrowed""))), """")"),"")
A40: 9780141315188 | B40: Diary of a Young Girl -- Paperback / softback (English Language Edition) | C40: Anne Frank | D40: 2 | E40: =IF( COUNTIFS(active!D:D, A40, active!F:F, "Processed and Borrowed") > D40, "Error", COUNTIFS(active!D:D, A40, active!F:F, "Processed and Borrowed") ) -> 0 | F40: =IF(E40 < D40, "Available", "Not Available") -> Available | G40: =IFERROR(__xludf.DUMMYFUNCTION("IF(E40>0, MIN(FILTER(active!H:H, (active!D:D = A40) * (active!F:F = ""Processed and Borrowed""))), """")"),"")
A41: 9780099537168 | B41: The Pelican Brief | C41: John Grisham | D41: 2 | E41: =IF( COUNTIFS(active!D:D, A41, active!F:F, "Processed and Borrowed") > D41, "Error", COUNTIFS(active!D:D, A41, active!F:F, "Processed and Borrowed") ) -> 0 | F41: =IF(E41 < D41, "Available", "Not Available") -> Available | G41: =IFERROR(__xludf.DUMMYFUNCTION("IF(E41>0, MIN(FILTER(active!H:H, (active!D:D = A41) * (active!F:F = ""Processed and Borrowed""))), """")"),"")
A42: 9780141033570 | B42: Thinking, Fast and Slow -- Paperback / softback | C42: Daniel Kahneman | D42: 2 | E42: =IF( COUNTIFS(active!D:D, A42, active!F:F, "Processed and Borrowed") > D42, "Error", COUNTIFS(active!D:D, A42, active!F:F, "Processed and Borrowed") ) -> 0 | F42: =IF(E42 < D42, "Available", "Not Available") -> Available | G42: =IFERROR(__xludf.DUMMYFUNCTION("IF(E42>0, MIN(FILTER(active!H:H, (active!D:D = A42) * (active!F:F = ""Processed and Borrowed""))), """")"),"")
A43: 9781784701994 | B43: When Breath Becomes Air : The ultimate moving life-and-death story -- Paperback / softback | C43: Paul Kalanithi | D43: 2 | E43: =IF( COUNTIFS(active!D:D, A43, active!F:F, "Processed and Borrowed") > D43, "Error", COUNTIFS(active!D:D, A43, active!F:F, "Processed and Borrowed") ) -> 0 | F43: =IF(E43 < D43, "Available", "Not Available") -> Available | G43: =IFERROR(__xludf.DUMMYFUNCTION("IF(E43>0, MIN(FILTER(active!H:H, (active!D:D = A43) * (active!F:F = ""Processed and Borrowed""))), """")"),"")
A44: 9780349411903 | B44: Deep Work | C44: Cal Newport | D44: 2 | E44: =IF( COUNTIFS(active!D:D, A44, active!F:F, "Processed and Borrowed") > D44, "Error", COUNTIFS(active!D:D, A44, active!F:F, "Processed and Borrowed") ) -> 0 | F44: =IF(E44 < D44, "Available", "Not Available") -> Available | G44: =IFERROR(__xludf.DUMMYFUNCTION("IF(E44>0, MIN(FILTER(active!H:H, (active!D:D = A44) * (active!F:F = ""Processed and Borrowed""))), """")"),"")
A45: 9780753827666 | B45: Gone Girl | C45: Gillian Flynn | D45: 2 | E45: =IF( COUNTIFS(active!D:D, A45, active!F:F, "Processed and Borrowed") > D45, "Error", COUNTIFS(active!D:D, A45, active!F:F, "Processed and Borrowed") ) -> 0 | F45: =IF(E45 < D45, "Available", "Not Available") -> Available | G45: =IFERROR(__xludf.DUMMYFUNCTION("IF(E45>0, MIN(FILTER(active!H:H, (active!D:D = A45) * (active!F:F = ""Processed and Borrowed""))), """")"),"")
A46: 9781399607773 | B46: Neuromancer : The Best of the Sf Masterworks (S.F. Masterworks) -- Paperback / softback | C46: William Gibson | D46: 2 | E46: =IF( COUNTIFS(active!D:D, A46, active!F:F, "Processed and Borrowed") > D46, "Error", COUNTIFS(active!D:D, A46, active!F:F, "Processed and Borrowed") ) -> 0 | F46: =IF(E46 < D46, "Available", "Not Available") -> Available | G46: =IFERROR(__xludf.DUMMYFUNCTION("IF(E46>0, MIN(FILTER(active!H:H, (active!D:D = A46) * (active!F:F = ""Processed and Borrowed""))), """")"),"")
A47: 9780349140438 | B47: Steve Jobs : The Exclusive Biography -- Paperback / softback | C47: Walter Isaacson | D47: 2 | E47: =IF( COUNTIFS(active!D:D, A47, active!F:F, "Processed and Borrowed") > D47, "Error", COUNTIFS(active!D:D, A47, active!F:F, "Processed and Borrowed") ) -> 0 | F47: =IF(E47 < D47, "Available", "Not Available") -> Available | G47: =IFERROR(__xludf.DUMMYFUNCTION("IF(E47>0, MIN(FILTER(active!H:H, (active!D:D = A47) * (active!F:F = ""Processed and Borrowed""))), """")"),"")
A48: 9781529432398 | B48: Girl with the Dragon Tattoo : The genre-defining thriller that introduced the world to Lisbeth Salander (Millennium) -- Paperback / softback | C48: Stieg Larsson | D48: 2 | E48: =IF( COUNTIFS(active!D:D, A48, active!F:F, "Processed and Borrowed") > D48, "Error", COUNTIFS(active!D:D, A48, active!F:F, "Processed and Borrowed") ) -> 0 | F48: =IF(E48 < D48, "Available", "Not Available") -> Available | G48: =IFERROR(__xludf.DUMMYFUNCTION("IF(E48>0, MIN(FILTER(active!H:H, (active!D:D = A48) * (active!F:F = ""Processed and Borrowed""))), """")"),"")
A49: 9781409181637 | B49: Silent Patient -- Paperback / softback | C49: Alex Michaelides | D49: 2 | E49: =IF( COUNTIFS(active!D:D, A49, active!F:F, "Processed and Borrowed") > D49, "Error", COUNTIFS(active!D:D, A49, active!F:F, "Processed and Borrowed") ) -> 0 | F49: =IF(E49 < D49, "Available", "Not Available") -> Available | G49: =IFERROR(__xludf.DUMMYFUNCTION("IF(E49>0, MIN(FILTER(active!H:H, (active!D:D = A49) * (active!F:F = ""Processed and Borrowed""))), """")"),"")
A50: 9781473649521 | B50: You Are a Badass : How to Stop Doubting Your Greatness and Start Living an Awesome Life -- Paperback / softback | C50: Jen Sincero | D50: 2 | E50: =IF( COUNTIFS(active!D:D, A50, active!F:F, "Processed and Borrowed") > D50, "Error", COUNTIFS(active!D:D, A50, active!F:F, "Processed and Borrowed") ) -> 0 | F50: =IF(E50 < D50, "Available", "Not Available") -> Available | G50: =IFERROR(__xludf.DUMMYFUNCTION("IF(E50>0, MIN(FILTER(active!H:H, (active!D:D = A50) * (active!F:F = ""Processed and Borrowed""))), """")"),"")
A51: 9780008123208 | B51: And Then There Were None | C51: Agatha Christie | D51: 2 | E51: =IF( COUNTIFS(active!D:D, A51, active!F:F, "Processed and Borrowed") > D51, "Error", COUNTIFS(active!D:D, A51, active!F:F, "Processed and Borrowed") ) -> 0 | F51: =IF(E51 < D51, "Available", "Not Available") -> Available | G51: =IFERROR(__xludf.DUMMYFUNCTION("IF(E51>0, MIN(FILTER(active!H:H, (active!D:D = A51) * (active!F:F = ""Processed and Borrowed""))), """")"),"")
A52: 9780552164139 | B52: Before I Go to Sleep -- Paperback / softback | C52: S.J. Watson | D52: 2 | E52: =IF( COUNTIFS(active!D:D, A52, active!F:F, "Processed and Borrowed") > D52, "Error", COUNTIFS(active!D:D, A52, active!F:F, "Processed and Borrowed") ) -> 0 | F52: =IF(E52 < D52, "Available", "Not Available") -> Available | G52: =IFERROR(__xludf.DUMMYFUNCTION("IF(E52>0, MIN(FILTER(active!H:H, (active!D:D = A52) * (active!F:F = ""Processed and Borrowed""))), """")"),"")
A53: 9780099511021 | B53: Educated | C53: Tara Westover | D53: 2 | E53: =IF( COUNTIFS(active!D:D, A53, active!F:F, "Processed and Borrowed") > D53, "Error", COUNTIFS(active!D:D, A53, active!F:F, "Processed and Borrowed") ) -> 0 | F53: =IF(E53 < D53, "Available", "Not Available") -> Available | G53: =IFERROR(__xludf.DUMMYFUNCTION("IF(E53>0, MIN(FILTER(active!H:H, (active!D:D = A53) * (active!F:F = ""Processed and Borrowed""))), """")"),"")
A54: 9780006546061 | B54: Fahrenheit 451 -- Paperback / softback | C54: Ray Bradbury | D54: 2 | E54: =IF( COUNTIFS(active!D:D, A54, active!F:F, "Processed and Borrowed") > D54, "Error", COUNTIFS(active!D:D, A54, active!F:F, "Processed and Borrowed") ) -> 0 | F54: =IF(E54 < D54, "Available", "Not Available") -> Available | G54: =IFERROR(__xludf.DUMMYFUNCTION("IF(E54>0, MIN(FILTER(active!H:H, (active!D:D = A54) * (active!F:F = ""Processed and Borrowed""))), """")"),"")
A55: 9780712676090 | B55: Good to Great -- Hardback | C55: Jim Collins | D55: 2 | E55: =IF( COUNTIFS(active!D:D, A55, active!F:F, "Processed and Borrowed") > D55, "Error", COUNTIFS(active!D:D, A55, active!F:F, "Processed and Borrowed") ) -> 0 | F55: =IF(E55 < D55, "Available", "Not Available") -> Available | G55: =IFERROR(__xludf.DUMMYFUNCTION("IF(E55>0, MIN(FILTER(active!H:H, (active!D:D = A55) * (active!F:F = ""Processed and Borrowed""))), """")"),"")
A56: 9781785040207 | B56: Grit : Why passion and resilience are the secrets to success -- Paperback / softback | C56: Angela Duckworth | D56: 2 | E56: =IF( COUNTIFS(active!D:D, A56, active!F:F, "Processed and Borrowed") > D56, "Error", COUNTIFS(active!D:D, A56, active!F:F, "Processed and Borrowed") ) -> 0 | F56: =IF(E56 < D56, "Available", "Not Available") -> Available | G56: =IFERROR(__xludf.DUMMYFUNCTION("IF(E56>0, MIN(FILTER(active!H:H, (active!D:D = A56) * (active!F:F = ""Processed and Borrowed""))), """")"),"")
A57: 9781399609500 | B57: Hyperion (S.F. Masterworks) -- Paperback / softback | C57: Dan Simmons | D57: 2 | E57: =IF( COUNTIFS(active!D:D, A57, active!F:F, "Processed and Borrowed") > D57, "Error", COUNTIFS(active!D:D, A57, active!F:F, "Processed and Borrowed") ) -> 0 | F57: =IF(E57 < D57, "Available", "Not Available") -> Available | G57: =IFERROR(__xludf.DUMMYFUNCTION("IF(E57>0, MIN(FILTER(active!H:H, (active!D:D = A57) * (active!F:F = ""Processed and Borrowed""))), """")"),"")
A58: 9780099511120 | B58: Jane Eyre | C58: Charlotte Brontë | D58: 2 | E58: =IF( COUNTIFS(active!D:D, A58, active!F:F, "Processed and Borrowed") > D58, "Error", COUNTIFS(active!D:D, A58, active!F:F, "Processed and Borrowed") ) -> 0 | F58: =IF(E58 < D58, "Available", "Not Available") -> Available | G58: =IFERROR(__xludf.DUMMYFUNCTION("IF(E58>0, MIN(FILTER(active!H:H, (active!D:D = A58) * (active!F:F = ""Processed and Borrowed""))), """")"),"")
A59: 9780349106533 | B59: Long Walk to Freedom : 'essential reading' Barack Obama -- Paperback / softback | C59: Nelson Mandela | D59: 2 | E59: =IF( COUNTIFS(active!D:D, A59, active!F:F, "Processed and Borrowed") > D59, "Error", COUNTIFS(active!D:D, A59, active!F:F, "Processed and Borrowed") ) -> 0 | F59: =IF(E59 < D59, "Available", "Not Available") -> Available | G59: =IFERROR(__xludf.DUMMYFUNCTION("IF(E59>0, MIN(FILTER(active!H:H, (active!D:D = A59) * (active!F:F = ""Processed and Borrowed""))), """")"),"")
A60: 9780007281435 | B60: Open : An Autobiography -- Paperback / softback | C60: Andre Agassi | D60: 2 | E60: =IF( COUNTIFS(active!D:D, A60, active!F:F, "Processed and Borrowed") > D60, "Error", COUNTIFS(active!D:D, A60, active!F:F, "Processed and Borrowed") ) -> 0 | F60: =IF(E60 < D60, "Available", "Not Available") -> Available | G60: =IFERROR(__xludf.DUMMYFUNCTION("IF(E60>0, MIN(FILTER(active!H:H, (active!D:D = A60) * (active!F:F = ""Processed and Borrowed""))), """")"),"")
A61: 9780099511151 | B61: Pride and Prejudice | C61: Jane Austen | D61: 2 | E61: =IF( COUNTIFS(active!D:D, A61, active!F:F, "Processed and Borrowed") > D61, "Error", COUNTIFS(active!D:D, A61, active!F:F, "Processed and Borrowed") ) -> 0 | F61: =IF(E61 < D61, "Available", "Not Available") -> Available | G61: =IFERROR(__xludf.DUMMYFUNCTION("IF(E61>0, MIN(FILTER(active!H:H, (active!D:D = A61) * (active!F:F = ""Processed and Borrowed""))), """")"),"")
A62: 9780552159715 | B62: Da Vinci Code : (Robert Langdon Book 2) (Robert Langdon) -- Paperback / softback | C62: Dan Brown | D62: 2 | E62: =IF( COUNTIFS(active!D:D, A62, active!F:F, "Processed and Borrowed") > D62, "Error", COUNTIFS(active!D:D, A62, active!F:F, "Processed and Borrowed") ) -> 0 | F62: =IF(E62 < D62, "Available", "Not Available") -> Available | G62: =IFERROR(__xludf.DUMMYFUNCTION("IF(E62>0, MIN(FILTER(active!H:H, (active!D:D = A62) * (active!F:F = ""Processed and Borrowed""))), """")"),"")
A63: 9780099537090 | B63: Firm -- Paperback / softback | C63: John Grisham | D63: 2 | E63: =IF( COUNTIFS(active!D:D, A63, active!F:F, "Processed and Borrowed") > D63, "Error", COUNTIFS(active!D:D, A63, active!F:F, "Processed and Borrowed") ) -> 0 | F63: =IF(E63 < D63, "Available", "Not Available") -> Available | G63: =IFERROR(__xludf.DUMMYFUNCTION("IF(E63>0, MIN(FILTER(active!H:H, (active!D:D = A63) * (active!F:F = ""Processed and Borrowed""))), """")"),"")
A64: 9780062888747 | B64: The Happiness Project | C64: Gretchen Rubin | D64: 2 | E64: =IF( COUNTIFS(active!D:D, A64, active!F:F, "Processed and Borrowed") > D64, "Error", COUNTIFS(active!D:D, A64, active!F:F, "Processed and Borrowed") ) -> 0 | F64: =IF(E64 < D64, "Available", "Not Available") -> Available | G64: =IFERROR(__xludf.DUMMYFUNCTION("IF(E64>0, MIN(FILTER(active!H:H, (active!D:D = A64) * (active!F:F = ""Processed and Borrowed""))), """")"),"")
A65: 9781526604743 | B65: Kite Runner -- Paperback / softback | C65: Khaled Hosseini | D65: 2 | E65: =IF( COUNTIFS(active!D:D, A65, active!F:F, "Processed and Borrowed") > D65, "Error", COUNTIFS(active!D:D, A65, active!F:F, "Processed and Borrowed") ) -> 0 | F65: =IF(E65 < D65, "Available", "Not Available") -> Available | G65: =IFERROR(__xludf.DUMMYFUNCTION("IF(E65>0, MIN(FILTER(active!H:H, (active!D:D = A65) * (active!F:F = ""Processed and Borrowed""))), """")"),"")
A66: 9781846046964 | B66: Seat of the Soul : An Inspiring Vision of Humanity's Spiritual Destiny (Rider Classics) -- Paperback / softback | C66: Gary Zukav | D66: 2 | E66: =IF( COUNTIFS(active!D:D, A66, active!F:F, "Processed and Borrowed") > D66, "Error", COUNTIFS(active!D:D, A66, active!F:F, "Processed and Borrowed") ) -> 0 | F66: =IF(E66 < D66, "Available", "Not Available") -> Available | G66: =IFERROR(__xludf.DUMMYFUNCTION("IF(E66>0, MIN(FILTER(active!H:H, (active!D:D = A66) * (active!F:F = ""Processed and Borrowed""))), """")"),"")
A67: 9780062641540 | B67: The Subtle Art of Not Giving a Fuck | C67: Mark Manson | D67: 2 | E67: =IF( COUNTIFS(active!D:D, A67, active!F:F, "Processed and Borrowed") > D67, "Error", COUNTIFS(active!D:D, A67, active!F:F, "Processed and Borrowed") ) -> 0 | F67: =IF(E67 < D67, "Available", "Not Available") -> Available | G67: =IFERROR(__xludf.DUMMYFUNCTION("IF(E67>0, MIN(FILTER(active!H:H, (active!D:D = A67) * (active!F:F = ""Processed and Borrowed""))), """")"),"")
A68: 9781786330895 | B68: Ikigai : The Japanese secret to a long and happy life -- Hardback | C68: Héctor García | D68: 2 | E68: =IF( COUNTIFS(active!D:D, A68, active!F:F, "Processed and Borrowed") > D68, "Error", COUNTIFS(active!D:D, A68, active!F:F, "Processed and Borrowed") ) -> 0 | F68: =IF(E68 < D68, "Available", "Not Available") -> Available | G68: =IFERROR(__xludf.DUMMYFUNCTION("IF(E68>0, MIN(FILTER(active!H:H, (active!D:D = A68) * (active!F:F = ""Processed and Borrowed""))), """")"),"")
A69: 9781524762407 | B69: The Lean Startup : How Today's Entrepreneurs Use Continuous Innovation to Create Radically Successful Businesses | C69: Eric Ries | D69: 2 | E69: =IF( COUNTIFS(active!D:D, A69, active!F:F, "Processed and Borrowed") > D69, "Error", COUNTIFS(active!D:D, A69, active!F:F, "Processed and Borrowed") ) -> 0 | F69: =IF(E69 < D69, "Available", "Not Available") -> Available | G69: =IFERROR(__xludf.DUMMYFUNCTION("IF(E69>0, MIN(FILTER(active!H:H, (active!D:D = A69) * (active!F:F = ""Processed and Borrowed""))), """")"),"")
A70: 9780061339202 | B70: Flow : The Psychology of Optimal Experience | C70: Mihaly Csikszentmihalyi | D70: 2 | E70: =IF( COUNTIFS(active!D:D, A70, active!F:F, "Processed and Borrowed") > D70, "Error", COUNTIFS(active!D:D, A70, active!F:F, "Processed and Borrowed") ) -> 0 | F70: =IF(E70 < D70, "Available", "Not Available") -> Available | G70: =IFERROR(__xludf.DUMMYFUNCTION("IF(E70>0, MIN(FILTER(active!H:H, (active!D:D = A70) * (active!F:F = ""Processed and Borrowed""))), """")"),"")
A71: 9781035003792 | B71: Road (Picador Collection) -- Paperback / softback | C71: Cormac McCarthy | D71: 2 | E71: =IF( COUNTIFS(active!D:D, A71, active!F:F, "Processed and Borrowed") > D71, "Error", COUNTIFS(active!D:D, A71, active!F:F, "Processed and Borrowed") ) -> 0 | F71: =IF(E71 < D71, "Available", "Not Available") -> Available | G71: =IFERROR(__xludf.DUMMYFUNCTION("IF(E71>0, MIN(FILTER(active!H:H, (active!D:D = A71) * (active!F:F = ""Processed and Borrowed""))), """")"),"")
A72: 9780857088475 | B72: On the Origin of Species : The Science Classic (Capstone Classics) | C72: Charles Darwin | D72: 2 | E72: =IF( COUNTIFS(active!D:D, A72, active!F:F, "Processed and Borrowed") > D72, "Error", COUNTIFS(active!D:D, A72, active!F:F, "Processed and Borrowed") ) -> 0 | F72: =IF(E72 < D72, "Available", "Not Available") -> Available | G72: =IFERROR(__xludf.DUMMYFUNCTION("IF(E72>0, MIN(FILTER(active!H:H, (active!D:D = A72) * (active!F:F = ""Processed and Borrowed""))), """")"),"")
A73: 9780367461409 | B73: Being and Nothingness : An Essay in Phenomenological Ontology | C73: Jean-Paul Sartre | D73: 1 | E73: =IF( COUNTIFS(active!D:D, A73, active!F:F, "Processed and Borrowed") > D73, "Error", COUNTIFS(active!D:D, A73, active!F:F, "Processed and Borrowed") ) -> 0 | F73: =IF(E73 < D73, "Available", "Not Available") -> Available | G73: =IFERROR(__xludf.DUMMYFUNCTION("IF(E73>0, MIN(FILTER(active!H:H, (active!D:D = A73) * (active!F:F = ""Processed and Borrowed""))), """")"),"")
A74: 9780715654682 | B74: My Life in France | C74: Julia Child | D74: 1 | E74: =IF( COUNTIFS(active!D:D, A74, active!F:F, "Processed and Borrowed") > D74, "Error", COUNTIFS(active!D:D, A74, active!F:F, "Processed and Borrowed") ) -> 0 | F74: =IF(E74 < D74, "Available", "Not Available") -> Available | G74: =IFERROR(__xludf.DUMMYFUNCTION("IF(E74>0, MIN(FILTER(active!H:H, (active!D:D = A74) * (active!F:F = ""Processed and Borrowed""))), """")"),"")
A75: 9781603580557 | B75: Thinking in Systems | C75: Donella Meadows | D75: 1 | E75: =IF( COUNTIFS(active!D:D, A75, active!F:F, "Processed and Borrowed") > D75, "Error", COUNTIFS(active!D:D, A75, active!F:F, "Processed and Borrowed") ) -> 0 | F75: =IF(E75 < D75, "Available", "Not Available") -> Available | G75: =IFERROR(__xludf.DUMMYFUNCTION("IF(E75>0, MIN(FILTER(active!H:H, (active!D:D = A75) * (active!F:F = ""Processed and Borrowed""))), """")"),"")
A76: 9780241976586 | B76: Emotional Agility : Get Unstuck, Embrace Change and Thrive in Work and Life | C76: Susan David | D76: 1 | E76: =IF( COUNTIFS(active!D:D, A76, active!F:F, "Processed and Borrowed") > D76, "Error", COUNTIFS(active!D:D, A76, active!F:F, "Processed and Borrowed") ) -> 0 | F76: =IF(E76 < D76, "Available", "Not Available") -> Available | G76: =IFERROR(__xludf.DUMMYFUNCTION("IF(E76>0, MIN(FILTER(active!H:H, (active!D:D = A76) * (active!F:F = ""Processed and Borrowed""))), """")"),"")
A77: 9780140447804 | B77: The Consolation of Philosophy | C77: Boethius | D77: 1 | E77: =IF( COUNTIFS(active!D:D, A77, active!F:F, "Processed and Borrowed") > D77, "Error", COUNTIFS(active!D:D, A77, active!F:F, "Processed and Borrowed") ) -> 0 | F77: =IF(E77 < D77, "Available", "Not Available") -> Available | G77: =IFERROR(__xludf.DUMMYFUNCTION("IF(E77>0, MIN(FILTER(active!H:H, (active!D:D = A77) * (active!F:F = ""Processed and Borrowed""))), """")"),"")
A78: 9780241484838 | B78: Film Book : A Complete Guide to the World of Cinema -- Hardback | C78: Kenneth MacMahon | D78: 1 | E78: =IF( COUNTIFS(active!D:D, A78, active!F:F, "Processed and Borrowed") > D78, "Error", COUNTIFS(active!D:D, A78, active!F:F, "Processed and Borrowed") ) -> 0 | F78: =IF(E78 < D78, "Available", "Not Available") -> Available | G78: =IFERROR(__xludf.DUMMYFUNCTION("IF(E78>0, MIN(FILTER(active!H:H, (active!D:D = A78) * (active!F:F = ""Processed and Borrowed""))), """")"),"")
A79: 9780330508902 | B79: The Mind's Eye | C79: Oliver Sacks | D79: 1 | E79: =IF( COUNTIFS(active!D:D, A79, active!F:F, "Processed and Borrowed") > D79, "Error", COUNTIFS(active!D:D, A79, active!F:F, "Processed and Borrowed") ) -> 0 | F79: =IF(E79 < D79, "Available", "Not Available") -> Available | G79: =IFERROR(__xludf.DUMMYFUNCTION("IF(E79>0, MIN(FILTER(active!H:H, (active!D:D = A79) * (active!F:F = ""Processed and Borrowed""))), """")"),"")
A80: 9780141442259 | B80: Prince -- Paperback / softback (English Language Edition) | C80: Niccolò Machiavelli | D80: 1 | E80: =IF( COUNTIFS(active!D:D, A80, active!F:F, "Processed and Borrowed") > D80, "Error", COUNTIFS(active!D:D, A80, active!F:F, "Processed and Borrowed") ) -> 0 | F80: =IF(E80 < D80, "Available", "Not Available") -> Available | G80: =IFERROR(__xludf.DUMMYFUNCTION("IF(E80>0, MIN(FILTER(active!H:H, (active!D:D = A80) * (active!F:F = ""Processed and Borrowed""))), """")"),"")
A81: 9780743243155 | B81: The Road Less Traveled | C81: M. Scott Peck | D81: 1 | E81: =IF( COUNTIFS(active!D:D, A81, active!F:F, "Processed and Borrowed") > D81, "Error", COUNTIFS(active!D:D, A81, active!F:F, "Processed and Borrowed") ) -> 0 | F81: =IF(E81 < D81, "Available", "Not Available") -> Available | G81: =IFERROR(__xludf.DUMMYFUNCTION("IF(E81>0, MIN(FILTER(active!H:H, (active!D:D = A81) * (active!F:F = ""Processed and Borrowed""))), """")"),"")
A82: 9781529060119 | B82: Prodigal Daughter (Kane and Abel series) -- Paperback / softback | C82: Jeffrey Archer | D82: 1 | E82: =IF( COUNTIFS(active!D:D, A82, active!F:F, "Processed and Borrowed") > D82, "Error", COUNTIFS(active!D:D, A82, active!F:F, "Processed and Borrowed") ) -> 0 | F82: =IF(E82 < D82, "Available", "Not Available") -> Available | G82: =IFERROR(__xludf.DUMMYFUNCTION("IF(E82>0, MIN(FILTER(active!H:H, (active!D:D = A82) * (active!F:F = ""Processed and Borrowed""))), """")"),"")
A83: 9781529060010 | B83: Not a Penny More, Not a Penny Less -- Paperback / softback | C83: Jeffrey Archer | D83: 1 | E83: =IF( COUNTIFS(active!D:D, A83, active!F:F, "Processed and Borrowed") > D83, "Error", COUNTIFS(active!D:D, A83, active!F:F, "Processed and Borrowed") ) -> 0 | F83: =IF(E83 < D83, "Available", "Not Available") -> Available | G83: =IFERROR(__xludf.DUMMYFUNCTION("IF(E83>0, MIN(FILTER(active!H:H, (active!D:D = A83) * (active!F:F = ""Processed and Borrowed""))), """")"),"")
A84: 9781035022755 | B84: Heads You Win -- Paperback / softback | C84: Jeffrey Archer | D84: 1 | E84: =IF( COUNTIFS(active!D:D, A84, active!F:F, "Processed and Borrowed") > D84, "Error", COUNTIFS(active!D:D, A84, active!F:F, "Processed and Borrowed") ) -> 0 | F84: =IF(E84 < D84, "Available", "Not Available") -> Available | G84: =IFERROR(__xludf.DUMMYFUNCTION("IF(E84>0, MIN(FILTER(active!H:H, (active!D:D = A84) * (active!F:F = ""Processed and Borrowed""))), """")"),"")
A85: 9780340992852 | B85: Midnight in the Garden of Good and Evil -- Paperback | C85: John Berendt | D85: 1 | E85: =IF( COUNTIFS(active!D:D, A85, active!F:F, "Processed and Borrowed") > D85, "Error", COUNTIFS(active!D:D, A85, active!F:F, "Processed and Borrowed") ) -> 0 | F85: =IF(E85 < D85, "Available", "Not Available") -> Available | G85: =IFERROR(__xludf.DUMMYFUNCTION("IF(E85>0, MIN(FILTER(active!H:H, (active!D:D = A85) * (active!F:F = ""Processed and Borrowed""))), """")"),"")
A86: 9781529342079 | B86: Master : The Brilliant Career of Roger Federer -- Paperback / softback | C86: Christopher Clarey | D86: 1 | E86: =IF( COUNTIFS(active!D:D, A86, active!F:F, "Processed and Borrowed") > D86, "Error", COUNTIFS(active!D:D, A86, active!F:F, "Processed and Borrowed") ) -> 0 | F86: =IF(E86 < D86, "Available", "Not Available") -> Available | G86: =IFERROR(__xludf.DUMMYFUNCTION("IF(E86>0, MIN(FILTER(active!H:H, (active!D:D = A86) * (active!F:F = ""Processed and Borrowed""))), """")"),"")
A87: 9781784161446 | B87: A Walk In The Woods | C87: Bill Bryson | D87: 1 | E87: =IF( COUNTIFS(active!D:D, A87, active!F:F, "Processed and Borrowed") > D87, "Error", COUNTIFS(active!D:D, A87, active!F:F, "Processed and Borrowed") ) -> 0 | F87: =IF(E87 < D87, "Available", "Not Available") -> Available | G87: =IFERROR(__xludf.DUMMYFUNCTION("IF(E87>0, MIN(FILTER(active!H:H, (active!D:D = A87) * (active!F:F = ""Processed and Borrowed""))), """")"),"")
A88: 9780552779913 | B88: Body : A Guide for Occupants - the Sunday Times No.1 Bestseller -- Paperback (English Language Edition) | C88: Bill Bryson | D88: 1 | E88: =IF( COUNTIFS(active!D:D, A88, active!F:F, "Processed and Borrowed") > D88, "Error", COUNTIFS(active!D:D, A88, active!F:F, "Processed and Borrowed") ) -> 0 | F88: =IF(E88 < D88, "Available", "Not Available") -> Available | G88: =IFERROR(__xludf.DUMMYFUNCTION("IF(E88>0, MIN(FILTER(active!H:H, (active!D:D = A88) * (active!F:F = ""Processed and Borrowed""))), """")"),"")
A89: 9781911641827 | B89: The Story of Film | C89: Mark Cousins | D89: 1 | E89: =IF( COUNTIFS(active!D:D, A89, active!F:F, "Processed and Borrowed") > D89, "Error", COUNTIFS(active!D:D, A89, active!F:F, "Processed and Borrowed") ) -> 0 | F89: =IF(E89 < D89, "Available", "Not Available") -> Available | G89: =IFERROR(__xludf.DUMMYFUNCTION("IF(E89>0, MIN(FILTER(active!H:H, (active!D:D = A89) * (active!F:F = ""Processed and Borrowed""))), """")"),"")
A90: 9781784872113 | B90: The War of the Worlds | C90: H.G. Wells | D90: 1 | E90: =IF( COUNTIFS(active!D:D, A90, active!F:F, "Processed and Borrowed") > D90, "Error", COUNTIFS(active!D:D, A90, active!F:F, "Processed and Borrowed") ) -> 0 | F90: =IF(E90 < D90, "Available", "Not Available") -> Available | G90: =IFERROR(__xludf.DUMMYFUNCTION("IF(E90>0, MIN(FILTER(active!H:H, (active!D:D = A90) * (active!F:F = ""Processed and Borrowed""))), """")"),"")
A91: 9780007183517 | B91: When Things Fall Apart : Heart Advice for Difficult Times -- Paperback / softback | C91: Pema Chödrön | D91: 1 | E91: =IF( COUNTIFS(active!D:D, A91, active!F:F, "Processed and Borrowed") > D91, "Error", COUNTIFS(active!D:D, A91, active!F:F, "Processed and Borrowed") ) -> 0 | F91: =IF(E91 < D91, "Available", "Not Available") -> Available | G91: =IFERROR(__xludf.DUMMYFUNCTION("IF(E91>0, MIN(FILTER(active!H:H, (active!D:D = A91) * (active!F:F = ""Processed and Borrowed""))), """")"),"")
A92: 9781778401657 | B92: The Hidden Life of Trees : A Graphic Adaptation | C92: Peter Wohlleben | D92: 1 | E92: =IF( COUNTIFS(active!D:D, A92, active!F:F, "Processed and Borrowed") > D92, "Error", COUNTIFS(active!D:D, A92, active!F:F, "Processed and Borrowed") ) -> 0 | F92: =IF(E92 < D92, "Available", "Not Available") -> Available | G92: =IFERROR(__xludf.DUMMYFUNCTION("IF(E92>0, MIN(FILTER(active!H:H, (active!D:D = A92) * (active!F:F = ""Processed and Borrowed""))), """")"),"")
A93: 9780872206274 | B93: Beyond Freedom & Dignity | C93: B.F. Skinner | D93: 1 | E93: =IF( COUNTIFS(active!D:D, A93, active!F:F, "Processed and Borrowed") > D93, "Error", COUNTIFS(active!D:D, A93, active!F:F, "Processed and Borrowed") ) -> 0 | F93: =IF(E93 < D93, "Available", "Not Available") -> Available | G93: =IFERROR(__xludf.DUMMYFUNCTION("IF(E93>0, MIN(FILTER(active!H:H, (active!D:D = A93) * (active!F:F = ""Processed and Borrowed""))), """")"),"")
A94: 9781544512273 | B94: Can't Hurt Me: Master Your Mind and Defy the Odds | C94: David Goggins | D94: 1 | E94: =IF( COUNTIFS(active!D:D, A94, active!F:F, "Processed and Borrowed") > D94, "Error", COUNTIFS(active!D:D, A94, active!F:F, "Processed and Borrowed") ) -> 0 | F94: =IF(E94 < D94, "Available", "Not Available") -> Available | G94: =IFERROR(__xludf.DUMMYFUNCTION("IF(E94>0, MIN(FILTER(active!H:H, (active!D:D = A94) * (active!F:F = ""Processed and Borrowed""))), """")"),"")
A95: 9780674979857 | B95: Capital in the Twenty-first Century | C95: Thomas Piketty | D95: 1 | E95: =IF( COUNTIFS(active!D:D, A95, active!F:F, "Processed and Borrowed") > D95, "Error", COUNTIFS(active!D:D, A95, active!F:F, "Processed and Borrowed") ) -> 0 | F95: =IF(E95 < D95, "Available", "Not Available") -> Available | G95: =IFERROR(__xludf.DUMMYFUNCTION("IF(E95>0, MIN(FILTER(active!H:H, (active!D:D = A95) * (active!F:F = ""Processed and Borrowed""))), """")"),"")
A96: 9780226458120 | B96: The Structure of Scientific Revolutions : 50th Anniversary Edition | C96: Thomas S. Kuhn | D96: 1 | E96: =IF( COUNTIFS(active!D:D, A96, active!F:F, "Processed and Borrowed") > D96, "Error", COUNTIFS(active!D:D, A96, active!F:F, "Processed and Borrowed") ) -> 0 | F96: =IF(E96 < D96, "Available", "Not Available") -> Available | G96: =IFERROR(__xludf.DUMMYFUNCTION("IF(E96>0, MIN(FILTER(active!H:H, (active!D:D = A96) * (active!F:F = ""Processed and Borrowed""))), """")"),"")
A97: 9781786892737 | B97: Midnight Library -- Paperback / softback | C97: Matt Haig | D97: 1 | E97: =IF( COUNTIFS(active!D:D, A97, active!F:F, "Processed and Borrowed") > D97, "Error", COUNTIFS(active!D:D, A97, active!F:F, "Processed and Borrowed") ) -> 0 | F97: =IF(E97 < D97, "Available", "Not Available") -> Available | G97: =IFERROR(__xludf.DUMMYFUNCTION("IF(E97>0, MIN(FILTER(active!H:H, (active!D:D = A97) * (active!F:F = ""Processed and Borrowed""))), """")"),"")
A98: 9780974320625 | B98: Emotional Intelligence 2.0 | C98: Travis Bradberry & Jean Greaves | D98: 1 | E98: =IF( COUNTIFS(active!D:D, A98, active!F:F, "Processed and Borrowed") > D98, "Error", COUNTIFS(active!D:D, A98, active!F:F, "Processed and Borrowed") ) -> 0 | F98: =IF(E98 < D98, "Available", "Not Available") -> Available | G98: =IFERROR(__xludf.DUMMYFUNCTION("IF(E98>0, MIN(FILTER(active!H:H, (active!D:D = A98) * (active!F:F = ""Processed and Borrowed""))), """")"),"")
A99: 9781401952471 | B99: The Biology of Belief | C99: Bruce H. Lipton | D99: 1 | E99: =IF( COUNTIFS(active!D:D, A99, active!F:F, "Processed and Borrowed") > D99, "Error", COUNTIFS(active!D:D, A99, active!F:F, "Processed and Borrowed") ) -> 0 | F99: =IF(E99 < D99, "Available", "Not Available") -> Available | G99: =IFERROR(__xludf.DUMMYFUNCTION("IF(E99>0, MIN(FILTER(active!H:H, (active!D:D = A99) * (active!F:F = ""Processed and Borrowed""))), """")"),"")
A100: 9781625274496 | B100: Blue Ocean Strategy | C100: W. Chan Kim & Renée Mauborgne | D100: 1 | E100: =IF( COUNTIFS(active!D:D, A100, active!F:F, "Processed and Borrowed") > D100, "Error", COUNTIFS(active!D:D, A100, active!F:F, "Processed and Borrowed") ) -> 0 | F100: =IF(E100 < D100, "Available", "Not Available") -> Available | G100: =IFERROR(__xludf.DUMMYFUNCTION("IF(E100>0, MIN(FILTER(active!H:H, (active!D:D = A100) * (active!F:F = ""Processed and Borrowed""))), """")"),"")
...

Sheet BookDatabase
A1: ISBN | B1: Book Title | C1: Author
A2: 9780141184944 | B2: Silent Spring (Penguin Modern Classics) -- Paperback / softback | C2: Rachel Carson
A3: 9780393609394 | B3: Astrophysics for People in a Hurry | C3: Neil deGrasse Tyson
A4: 9780099590088 | B4: Sapiens : The Multi-million Copy Bestseller -- Paperback / softback | C4: Yuval Noah Harari
A5: 9780241958223 | B5: Start with Why : How Great Leaders Inspire Everyone to Take Action -- Paperback / softback | C5: Simon Sinek
A6: 9781509877027 | B6: Immortal Life of Henrietta Lacks (Picador Classic) -- Paperback / softback | C6: Rebecca Skloot
A7: 9780340733509 | B7: Power of Now : (20th Anniversary Edition) (The Power of Now) -- Paperback / softback | C7: Eckhart Tolle
A8: 9780141983769 | B8: Why We Sleep : The New Science of Sleep and Dreams -- Paperback / softback | C8: Matthew Walker
A9: 9780349107035 | B9: Cosmos | C9: Carl Sagan
A10: 9780340960196 | B10: Dune -- Paperback | C10: Frank Herbert
A11: 9780753828434 | B11: Double Helix -- Paperback / softback | C11: James D. Watson
A12: 9780857501004 | B12: A Brief History Of Time : From Big Bang To Black Holes | C12: Stephen Hawking
A13: 9781847941831 | B13: Atomic Habits | C13: James Clear
... A355: 9780691165851 | B355: Lost Enlightenment | C355: Christopher L. C. E.
